Epoch Number, Total Squared Error, 
0, 4.353056, 
1, 4.315302, 
2, 4.289749, 
3, 4.273896, 
4, 4.265206, 
5, 4.260662, 
6, 4.257292, 
7, 4.254261, 
8, 4.251951, 
9, 4.249985, 
10, 4.246813, 
11, 4.239877, 
12, 4.225422, 
13, 4.198000, 
14, 4.149407, 
15, 4.067218, 
16, 3.934722, 
17, 3.734924, 
18, 3.456971, 
19, 3.090512, 
20, 2.600687, 
21, 1.949151, 
22, 1.242241, 
23, 0.703500, 
24, 0.392818, 
25, 0.233017, 
26, 0.151588, 
27, 0.108049, 
28, 0.083049, 
