Epoch Number, Total Squared Error, 
0, 4.406677, 
1, 4.347249, 
2, 4.303247, 
3, 4.271289, 
4, 4.243923, 
5, 4.224049, 
6, 4.194002, 
7, 4.131175, 
8, 4.020184, 
9, 3.842406, 
10, 3.579701, 
11, 3.220774, 
12, 2.746860, 
13, 2.178657, 
14, 1.646569, 
15, 1.188320, 
16, 0.776631, 
17, 0.456295, 
18, 0.268643, 
19, 0.170139, 
20, 0.116605, 
21, 0.085655, 
